Id,Predicted
1,0.024212154
2,0.98360807
3,0.03660971
4,0.9794958
5,0.029294057
6,0.02654226
7,0.02413621
8,0.02477857
9,0.025382312
10,0.025924752
11,0.0277576
12,0.032044638
13,0.02451913
14,0.028016785
15,0.024074825
16,0.027314205
17,0.03201166
18,0.027381632
19,0.035120334
20,0.027498579
21,0.032896448
22,0.025846597
23,0.03284668
24,0.039655052
25,0.07125538
26,0.028741194
27,0.03137346
28,0.051917862
29,0.038856648
30,0.027874423
31,0.031239178
32,0.024307821
33,0.02450925
34,0.024136307
35,0.8899197
36,0.025623206
37,0.97692114
38,0.9597482
39,0.97857153
40,0.034578227
41,0.7114209
42,0.027973814
43,0.024322579
44,0.031441275
45,0.032549318
46,0.024816122
47,0.025756465
48,0.06431537
49,0.02953151
50,0.1798876
51,0.025915582
52,0.02422495
53,0.025185643
54,0.16963086
55,0.027883384
56,0.03611308
57,0.26947606
58,0.023936955
59,0.02781552
60,0.028899418
61,0.026916413
62,0.029155236
63,0.026717534
64,0.060705177
65,0.027226489
66,0.027975196
67,0.027195118
68,0.026308902
69,0.02897706
70,0.031125464
71,0.045962848
72,0.073980935
73,0.025583042
74,0.98763174
75,0.029792825
76,0.96711886
77,0.9868977
78,0.024107385
79,0.027200473
80,0.024545249
81,0.03857272
82,0.02579776
83,0.027456794
84,0.023766782
85,0.025601504
86,0.027433613
87,0.03276959
88,0.02650455
89,0.90913355
90,0.9737241
91,0.93885255
92,0.923324
93,0.9621104
94,0.93109024
95,0.027575558
96,0.03408718
97,0.02553572
98,0.027740723
99,0.039437734
100,0.0291394
101,0.03869795
102,0.5498318
103,0.03138066
104,0.025639057
105,0.04564679
106,0.024049042
107,0.0260272
108,0.025813615
109,0.987941
110,0.9879018
111,0.9877977
112,0.9865132
113,0.97420394
114,0.02440111
115,0.08055437
116,0.027067143
117,0.98793644
118,0.045761123
119,0.028064571
120,0.030226806
121,0.02481741
122,0.026485415
123,0.05918781
124,0.1932835
125,0.5075279
126,0.6882167
127,0.036706213
128,0.03037
129,0.026853835
130,0.03506799
131,0.02901427
132,0.027824668
133,0.024968943
134,0.025082907
135,0.04788207
136,0.03190795
137,0.024911951
138,0.026912155
139,0.024208788
140,0.026520213
141,0.03138237
142,0.029597748
143,0.025188563
144,0.03002445
145,0.55959684
146,0.090406
147,0.025494618
148,0.14451674
149,0.94080573
150,0.026794089
151,0.025265073
152,0.025288228
153,0.029308919
154,0.778103
155,0.5342736
156,0.024095407
157,0.060510274
158,0.027901156
159,0.024117973
160,0.02866206
161,0.031950418
162,0.02423912
163,0.02836799
164,0.029260399
165,0.024971237
166,0.09511827
167,0.027018877
168,0.03589997
169,0.025071612
170,0.027688527
171,0.03599799
172,0.029133096
173,0.028609166
174,0.9862732
175,0.026883453
176,0.983255
177,0.9738294
178,0.027810482
179,0.0243254
180,0.026512684
181,0.025741024
182,0.028931819
183,0.025984323
184,0.025592402
185,0.026652118
186,0.027743068
187,0.02745961
188,0.025828093
189,0.024960233
190,0.02504781
191,0.71141267
192,0.97280294
193,0.44335192
194,0.9867424
195,0.9488167
196,0.05989218
197,0.024826484
198,0.02694484
199,0.09364865
200,0.025348747
201,0.97337997
202,0.97115785
203,0.028242568
204,0.96888924
205,0.027644906
206,0.025283914
207,0.063123964
208,0.03364051
209,0.029633624
210,0.026400821
211,0.9625479
212,0.6925581
213,0.7692703
214,0.80466145
215,0.038490504
216,0.9850441
217,0.02732627
218,0.97632533
219,0.9849281
220,0.9718293
221,0.98428404
222,0.98515654
223,0.026660549
224,0.025897935
225,0.027927112
226,0.9857125
227,0.49436623
228,0.024617143
229,0.024541082
230,0.02589683
231,0.026624767
232,0.87844634
233,0.9564903
234,0.024861164
235,0.025334155
236,0.8692367
237,0.8416007
238,0.9831645
239,0.028634878
240,0.03527994
241,0.043528754
242,0.07607292
243,0.065539844
244,0.026027398
245,0.030764764
246,0.025661128
247,0.027318854
248,0.032026123
249,0.0886702
250,0.02545628
251,0.028224114
252,0.024438486
253,0.026424078
254,0.02844542
255,0.026881373
256,0.026216654
257,0.024999717
258,0.031660076
259,0.04176195
260,0.0292638
261,0.02734476
262,0.025976967
263,0.02418454
264,0.057488605
265,0.034189094
266,0.02431557
267,0.11530156
268,0.9879308
269,0.98795074
270,0.98794913
271,0.98793447
272,0.98781604
273,0.98795056
274,0.02664208
275,0.98795074
276,0.98795044
277,0.98795044
278,0.030678852
279,0.024703445
280,0.027431086
281,0.987951
282,0.987951
283,0.987951
284,0.987951
285,0.987951
286,0.987951
287,0.987951
288,0.987951
289,0.987951
290,0.9872066
291,0.987951
292,0.9857481
293,0.987951
294,0.9879507
295,0.02498874
296,0.987951
297,0.987951
298,0.033014752
299,0.79295796
300,0.875615
301,0.71178603
302,0.97712076
303,0.024154734
304,0.03135387
305,0.027664427
306,0.8853663
307,0.02547
308,0.025723428
309,0.025276719
310,0.02716811
311,0.027501702
312,0.039637197
313,0.13515773
314,0.7285533
315,0.7354867
316,0.02733973
317,0.023820704
318,0.07999404
319,0.025678013
320,0.025491621
321,0.026190212
322,0.025931986
323,0.026194805
324,0.9862888
325,0.9834863
326,0.9869223
327,0.03468245
328,0.90746397
329,0.7242092
330,0.041397613
331,0.02649777
332,0.02736442
333,0.025437146
334,0.035597086
335,0.027868597
336,0.024451343
337,0.024153491
338,0.029338298
339,0.025170662
340,0.032660283
341,0.024961274
342,0.02509334
343,0.030000878
344,0.024443932
345,0.50080806
346,0.026231289
347,0.98376036
348,0.9160354
349,0.95081615
350,0.030635163
351,0.030884022
352,0.95565283
353,0.75740737
354,0.026770411
355,0.9799627
356,0.9757026
357,0.9364752
358,0.9773187
359,0.88117075
360,0.9853983
361,0.987609
362,0.07172874
363,0.027096253
364,0.026440915
365,0.024397196
366,0.027513444
367,0.85318196
368,0.9674239
369,0.9873174
370,0.9625866
371,0.10310082
372,0.024207583
373,0.025098637
374,0.8359113
375,0.9124289
376,0.0306038
377,0.027654592
378,0.03266804
379,0.06654117
380,0.028183984
381,0.027436825
382,0.025614344
383,0.025215441
384,0.026683956
385,0.02840977
386,0.03966168
387,0.025220511
388,0.04679994
389,0.02905406
390,0.031077256
391,0.026048513
392,0.025872715
393,0.026629865
394,0.030073086
395,0.04193844
396,0.062393907
397,0.72344446
398,0.026692672
399,0.98361015
400,0.97852314
401,0.24207567
402,0.04316031
403,0.029773308
404,0.03098235
405,0.03126834
406,0.025830047
407,0.032450754
408,0.025550103
409,0.026624532
410,0.029553832
411,0.025506537
412,0.026100935
413,0.024613174
414,0.024326924
415,0.15625204
416,0.02444998
417,0.024445528
418,0.024129188
419,0.024753353
420,0.041526243
421,0.026030675
422,0.025348023
423,0.027396083
424,0.026049245
425,0.025410326
426,0.031606905
427,0.026168901
428,0.024680248
429,0.030202119
430,0.3180785
431,0.027480176
432,0.025553621
433,0.02448566
434,0.11166146
435,0.9871191
436,0.031225976
437,0.98786503
438,0.98657775
439,0.98431015
440,0.9877067
441,0.98794824
442,0.9816664
443,0.9497638
444,0.97653097
445,0.98553306
446,0.9850042
447,0.9849368
448,0.024743346
449,0.02646286
450,0.026314247
451,0.97777563
452,0.9464433
453,0.33009523
454,0.97788185
455,0.97806203
456,0.025362303
457,0.79077315
458,0.07275355
459,0.21263121
460,0.06945157
461,0.033047184
462,0.9861762
463,0.98518026
464,0.9844109
465,0.056443013
466,0.02436107
467,0.98795074
468,0.98755616
469,0.9868947
470,0.9879459
471,0.98658204
472,0.9866716
473,0.039577045
474,0.9861946
475,0.9879507
476,0.042490922
477,0.024433782
478,0.0245346
479,0.97194946
480,0.6668262
481,0.74314916
482,0.9873001
483,0.040552057
484,0.03696246
485,0.024327122
486,0.04127104
487,0.039830495
488,0.025517866
489,0.026100937
490,0.02897117
491,0.026981717
492,0.026128225
493,0.051515184
494,0.0253919
495,0.028736675
496,0.062912814
497,0.029072223
498,0.02433871
499,0.029039541
500,0.88608974
501,0.58367294
502,0.024316994
503,0.029763138
504,0.024260683
505,0.024244301
506,0.02473634
507,0.030637175
508,0.93908364
509,0.80249757
510,0.80768716
511,0.98732996
512,0.9878725
513,0.98020107
514,0.91516614
515,0.9871286
516,0.029280921
517,0.109244294
518,0.025346704
519,0.028802237
520,0.98604184
521,0.98401535
522,0.06708072
523,0.878172
524,0.93315697
525,0.027927285
526,0.802552
527,0.8924677
528,0.67607343
529,0.027822949
530,0.030307677
531,0.031327482
532,0.024271123
533,0.024829203
534,0.024715165
535,0.025196146
536,0.02494655
537,0.4934185
538,0.031388965
539,0.026962992
540,0.026175683
541,0.030026266
542,0.025546677
543,0.025237598
544,0.024147715
545,0.024214003
546,0.02857037
547,0.9325572
548,0.5318568
549,0.024892123
550,0.8539316
551,0.9808898
552,0.98709375
553,0.97038704
554,0.026171032
555,0.028089143
556,0.02769838
557,0.7443892
558,0.499728
559,0.0279985
560,0.028861504
561,0.031292032
562,0.032180123
563,0.044335008
564,0.08763187
565,0.027103458
566,0.032511782
567,0.048990715
568,0.029915662
569,0.033113867
570,0.044389058
571,0.02711784
572,0.024584102
573,0.026823161
574,0.025982296
575,0.032917768
576,0.025453364
577,0.032724805
578,0.024226313
579,0.025729612
580,0.028690761
581,0.28561985
582,0.02380788
583,0.024629777
584,0.32465535
585,0.02544443
586,0.02457207
587,0.028226364
588,0.03136737
589,0.03666
590,0.027239641
591,0.024000969
592,0.025213879
593,0.028039917
594,0.57224596
595,0.32423574
596,0.97957146
597,0.025318006
598,0.9562693
599,0.026473355
600,0.9879203
601,0.7252131
602,0.02589647
603,0.9753871
604,0.98323375
605,0.98417056
606,0.987951
607,0.987951
608,0.987951
609,0.987951
610,0.987951
611,0.9795506
612,0.987951
613,0.987951
614,0.987951
615,0.9856289
616,0.987951
617,0.025216622
618,0.98795074
619,0.987951
620,0.97680867
621,0.987951
622,0.987951
623,0.987951
624,0.04213488
625,0.029303025
626,0.028977195
627,0.034416053
628,0.87910074
629,0.90932304
630,0.027539669
631,0.029213708
632,0.025285037
633,0.030976694
634,0.023886517
635,0.023800567
636,0.058630005
637,0.024635972
638,0.55463666
639,0.03852169
640,0.7792728
641,0.031097932
642,0.03373213
643,0.98663956
644,0.02569648
645,0.024450032
646,0.027407935
647,0.05638491
648,0.024934636
649,0.024942677
650,0.025061373
651,0.75730306
652,0.028484222
653,0.029190768
654,0.028166456
655,0.028702704
656,0.035655722
657,0.09346903
658,0.060607456
659,0.031079523
660,0.027524406
661,0.024514534
662,0.02742827
663,0.034770496
664,0.026808105
665,0.97730756
666,0.9148318
667,0.024673011
668,0.965808
669,0.026555277
670,0.028085772
671,0.025039881
672,0.033613306
673,0.079302
674,0.027863996
675,0.026526788
676,0.026045496
677,0.027599562
678,0.9829469
679,0.969899
680,0.024375893
681,0.97860765
682,0.025454862
683,0.032417577
684,0.028960662
685,0.027033264
686,0.030368103
687,0.025100686
688,0.026790284
689,0.027252361
690,0.024704559
691,0.05543972
692,0.80701345
693,0.027631944
694,0.025506075
695,0.6341115
696,0.055687882
697,0.038790774
698,0.038686167
699,0.93052256
700,0.9836537
701,0.025364332
702,0.9869621
703,0.03345234
704,0.027071528
705,0.02447572
706,0.028674714
707,0.982371
708,0.07510024
709,0.9822229
710,0.98019284
711,0.97908235
712,0.45962298
713,0.9802995
714,0.026420247
715,0.890476
716,0.029196013
717,0.73158723
718,0.025250385
719,0.029611297
720,0.026746292
721,0.9747867
722,0.027551528
723,0.93568426
724,0.024028305
725,0.025569497
726,0.028048588
727,0.030009061
728,0.024412816
729,0.025297845
730,0.038371522
731,0.043204933
732,0.024351662
733,0.02991518
734,0.029711885
735,0.0248615
736,0.916597
737,0.96158546
738,0.02743397
739,0.9740293
740,0.9879192
741,0.97466326
742,0.95736957
743,0.025107833
744,0.97342604
745,0.9798678
746,0.97708184
747,0.98790026
748,0.9443009
749,0.98794824
750,0.9543272
751,0.98197913
752,0.9879479
753,0.026669119
754,0.02400182
755,0.02467746
756,0.024423113
757,0.026396416
758,0.983796
759,0.97707635
760,0.036158793
761,0.032032143
762,0.9772535
763,0.025758555
764,0.024164563
765,0.024300799
766,0.034896698
767,0.025678061
768,0.02818272
769,0.028196728
770,0.025409425
771,0.035430923
772,0.93357795
773,0.027305085
774,0.86547357
775,0.033515494
776,0.6231402
777,0.94145584
778,0.029352397
779,0.7948913
780,0.98289603
781,0.077456914
782,0.026723435
783,0.9851415
784,0.9711774
785,0.97669685
786,0.026615588
787,0.033938956
788,0.02880568
789,0.45901614
790,0.028121179
791,0.17094968
792,0.09015586
793,0.023720216
794,0.025193378
795,0.1851441
796,0.08226867
797,0.05961266
798,0.027380478
799,0.026307058
800,0.76141286
801,0.9810497
802,0.9644738
803,0.02451281
804,0.92607564
805,0.026474044
806,0.062411737
807,0.63951725
808,0.28090912
809,0.029134197
810,0.024269823
811,0.025847357
812,0.026035978
813,0.04644308
814,0.028053237
815,0.025335038
816,0.84768564
817,0.6239267
818,0.9583787
819,0.7021487
820,0.96967846
821,0.9727975
822,0.9628127
823,0.09910323
824,0.9619479
825,0.964586
826,0.3490427
827,0.2519917
828,0.96839607
829,0.02653153
830,0.032401774
831,0.0805804
832,0.03019224
833,0.03592417
834,0.028868547
835,0.061125774
836,0.07421664
837,0.02644028
838,0.027564269
839,0.027561532
840,0.987951
841,0.987951
842,0.987951
843,0.987951
844,0.987951
845,0.9839003
846,0.98546946
847,0.987951
848,0.987951
849,0.98792446
850,0.987951
851,0.9857544
852,0.987951
853,0.98795056
854,0.9879503
855,0.98673314
856,0.987951
857,0.987951
858,0.987951
859,0.8986948
860,0.9815513
861,0.026293142
862,0.8518633
863,0.029927608
864,0.025534121
865,0.98791945
866,0.9879153
867,0.9749049
868,0.98794335
869,0.45410275
870,0.9839454
871,0.024293937
872,0.043306414
873,0.024604185
874,0.02553815
875,0.031437974
876,0.024651298
877,0.9760785
878,0.98785305
879,0.976238
880,0.9879459
881,0.98628324
882,0.97211933
883,0.024531234
884,0.037785288
885,0.02827975
886,0.75087714
887,0.9021907
888,0.048083562
889,0.026017223
890,0.02659709
891,0.032889552
892,0.025697028
893,0.029103084
894,0.02564381
895,0.026863128
896,0.025798935
897,0.72051567
898,0.16828689
899,0.03111559
900,0.030372234
901,0.030221364
902,0.032226153
903,0.037265666
904,0.026833674
905,0.035776656
906,0.069505006
907,0.034084268
908,0.023574699
909,0.02773438
910,0.026977945
911,0.028575215
912,0.96361655
913,0.030838799
914,0.9260094
915,0.8882918
916,0.96941805
917,0.48421532
918,0.84008706
919,0.036422223
920,0.024275327
921,0.039407667
922,0.94658136
923,0.95122147
924,0.028384397
925,0.024447074
926,0.035524543
927,0.0332942
928,0.024981538
929,0.05435952
930,0.025345342
931,0.028564995
932,0.026725598
933,0.024059298
934,0.036089044
935,0.025356777
936,0.025280263
937,0.02829942
938,0.029694447
939,0.032239616
940,0.025210056
941,0.026638698
942,0.047377978
943,0.026009187
944,0.026182821
945,0.9522203
946,0.9544062
947,0.025114406
948,0.024326455
949,0.02534538
950,0.02606262
951,0.024655737
952,0.029111644
953,0.03067167
954,0.025080621
955,0.02747999
956,0.029585568
957,0.034110166
958,0.4144416
959,0.059869032
960,0.042316288
961,0.024024874
962,0.026178591
963,0.027299399
964,0.079311155
965,0.06862081
966,0.034093868
967,0.78235936
968,0.028844347
969,0.8257687
970,0.033094984
971,0.029479573
972,0.03239663
973,0.03332149
974,0.037783198
975,0.02415701
976,0.029014556
977,0.049770933
978,0.026118902
979,0.028579747
980,0.03763262
981,0.027396424
982,0.56211287
983,0.025722902
984,0.98469514
985,0.025794027
986,0.98052233
987,0.98248553
988,0.02543941
989,0.98244905
990,0.9825832
991,0.030561714
992,0.02582134
993,0.024295047
994,0.026265651
995,0.026861906
996,0.18451408
997,0.03408876
998,0.024154918
999,0.7806024
1000,0.0562067
1001,0.039217137
1002,0.05770617
1003,0.02444452
1004,0.9795115
1005,0.028047966
1006,0.9795598
1007,0.9780312
1008,0.03514239
1009,0.025352083
1010,0.026156602
1011,0.024402637
1012,0.025420982
1013,0.029077906
1014,0.030734504
1015,0.9823376
1016,0.9849748
1017,0.0303712
1018,0.9879474
1019,0.9878962
1020,0.9879439
1021,0.026884316
1022,0.025301924
1023,0.97277087
1024,0.9879023
1025,0.9879441
1026,0.025903491
1027,0.9879282
1028,0.028719598
1029,0.024204034
1030,0.05718967
1031,0.15800442
1032,0.6550456
1033,0.024594713
1034,0.024823593
1035,0.027830403
1036,0.04881646
1037,0.026554804
1038,0.02634418
1039,0.024306668
1040,0.97361463
1041,0.9630496
1042,0.824593
1043,0.8220649
1044,0.9394383
1045,0.9611576
1046,0.955337
1047,0.8243405
1048,0.030815022
1049,0.69131726
1050,0.8494163
1051,0.03970495
1052,0.037522614
1053,0.74108726
1054,0.029993856
1055,0.8464488
1056,0.025655005
1057,0.87302196
1058,0.9802232
1059,0.025395902
1060,0.044874262
1061,0.88676775
1062,0.9587064
1063,0.9832123
1064,0.03097414
1065,0.030620681
1066,0.65806526
1067,0.025603522
1068,0.02502192
1069,0.025815496
1070,0.024475208
1071,0.036381215
1072,0.028129619
1073,0.026629904
1074,0.027941452
1075,0.04436749
1076,0.024447415
1077,0.024359528
1078,0.029232696
1079,0.024963513
1080,0.025870573
1081,0.025547469
1082,0.024114488
1083,0.027461424
1084,0.028319547
1085,0.025611475
1086,0.7230445
1087,0.44928485
1088,0.03946971
1089,0.5532738
1090,0.9842812
1091,0.02732962
1092,0.98642844
1093,0.024274103
1094,0.9877044
1095,0.030702619
1096,0.06814003
1097,0.7260169
1098,0.53349626
1099,0.029400202
1100,0.9146514
1101,0.64131355
1102,0.03205269
1103,0.028541217
1104,0.025435107
1105,0.5843772
1106,0.029312115
1107,0.78625244
1108,0.025649276
1109,0.034884088
1110,0.02538363
1111,0.027448464
1112,0.035237953
1113,0.02491716
1114,0.024879167
1115,0.9799073
1116,0.9835908
1117,0.032871526
1118,0.02812728
1119,0.065404825
1120,0.73098046
1121,0.027810238
1122,0.7053216
1123,0.030721094
1124,0.027218623
1125,0.024751315
1126,0.031599715
1127,0.030397484
1128,0.034989223
1129,0.024194451
1130,0.029003048
1131,0.987951
1132,0.987951
1133,0.987951
1134,0.987951
1135,0.9878154
1136,0.98535764
1137,0.98741084
1138,0.9701498
1139,0.987951
1140,0.79419583
1141,0.025112659
1142,0.98750544
1143,0.987951
1144,0.9879287
1145,0.987951
1146,0.9859424
1147,0.987951
1148,0.9878968
1149,0.987951
1150,0.9876632
1151,0.987951
1152,0.9867906
1153,0.987951
1154,0.987951
1155,0.987951
1156,0.024350261
1157,0.024699355
1158,0.024208179
1159,0.6664789
1160,0.024158802
1161,0.026062615
1162,0.03748671
1163,0.027891135
1164,0.02985189
1165,0.024237286
1166,0.04443784
1167,0.024609007
1168,0.026283562
1169,0.048092622
1170,0.024661714
1171,0.029040597
1172,0.058756232
1173,0.065358385
1174,0.024180373
1175,0.027245484
1176,0.027481267
1177,0.025776923
1178,0.9838567
1179,0.9814507
1180,0.73840094
1181,0.024342015
1182,0.024290266
1183,0.02609678
1184,0.024456043
1185,0.9878982
1186,0.987951
1187,0.97397286
1188,0.987951
1189,0.9879495
1190,0.9879468
1191,0.9879435
1192,0.026847597
1193,0.06719152
1194,0.030079212
1195,0.025785966
1196,0.02679394
1197,0.024179209
1198,0.025079528
1199,0.93751377
1200,0.9019329
1201,0.07894321
1202,0.95946604
1203,0.9525202
1204,0.9789494
1205,0.74511164
1206,0.033068858
1207,0.97178864
1208,0.7429805
1209,0.9784279
1210,0.6937959
1211,0.07146485
1212,0.026389658
1213,0.028282586
1214,0.9768983
1215,0.027995043
1216,0.9162309
1217,0.7198343
1218,0.94523287
1219,0.38995814
1220,0.20570758
1221,0.780575
1222,0.75581646
1223,0.028676886
1224,0.93274826
1225,0.9763089
1226,0.9808183
1227,0.87949634
1228,0.96091396
1229,0.029946398
1230,0.37759575
1231,0.7755731
1232,0.030008199
1233,0.06305497
1234,0.024445884
1235,0.98569787
1236,0.024809722
1237,0.98430747
1238,0.9875923
1239,0.027151965
1240,0.025121786
1241,0.026819428
1242,0.026000705
1243,0.06841105
1244,0.03155346
1245,0.37134704
1246,0.052520085
1247,0.025094407
1248,0.027179645
1249,0.02570055
1250,0.027908394
1251,0.039525926
1252,0.02694709
1253,0.0270794
1254,0.02952108
1255,0.024638712
1256,0.6031853
1257,0.7628726
1258,0.13219242
1259,0.7457886
1260,0.7403736
1261,0.18525945
1262,0.8265572
1263,0.8172365
1264,0.9588252
1265,0.7117288
1266,0.7755236
1267,0.74069333
1268,0.88863343
1269,0.7403122
1270,0.7319505
1271,0.9240577
1272,0.024609603
1273,0.16977304
1274,0.9506986
1275,0.7378982
1276,0.025064299
1277,0.027488122
1278,0.9878143
1279,0.9833788
1280,0.98776186
1281,0.9685098
1282,0.98792946
1283,0.98276246
1284,0.987904
1285,0.98585594
1286,0.37766153
1287,0.71913123
1288,0.7346923
1289,0.51814586
1290,0.025520872
1291,0.73369503
1292,0.74575734
1293,0.75011003
1294,0.98581773
1295,0.7398235
1296,0.024885086
1297,0.027632454
1298,0.024798226
1299,0.57972187
1300,0.026977077
1301,0.033244744
1302,0.024459923
1303,0.036543716
1304,0.065011896
1305,0.02987701
1306,0.025000542
1307,0.028146444
1308,0.024947729
1309,0.02687074
1310,0.028259559
1311,0.19671403
1312,0.0482061
1313,0.030324994
1314,0.024189554
1315,0.026842443
1316,0.02438595
1317,0.024622606
1318,0.02932468
1319,0.024359383
1320,0.29042652
1321,0.5936394
1322,0.025155446
1323,0.024198381
1324,0.033590186
1325,0.9877649
1326,0.98250383
1327,0.9788455
1328,0.9786133
1329,0.03163083
1330,0.98000485
1331,0.9782653
1332,0.97754693
1333,0.9831405
1334,0.0244795
1335,0.98590845
1336,0.029122658
1337,0.98687965
1338,0.061585978
1339,0.028121414
1340,0.973982
1341,0.025988134
1342,0.0359366
1343,0.112759955
1344,0.1864724
1345,0.0285439
1346,0.024399491
1347,0.024380187
1348,0.027064962
1349,0.030805683
1350,0.02447885
1351,0.030557124
1352,0.053279016
1353,0.027875928
1354,0.06471768
1355,0.028592154
1356,0.025155714
1357,0.024490088
1358,0.036384705
1359,0.7161429
1360,0.024963897
1361,0.024391655
1362,0.025502102
1363,0.026473362
1364,0.029182436
1365,0.92139304
1366,0.026317233
1367,0.024310779
1368,0.03655692
1369,0.039019264
1370,0.026696641
1371,0.028161054
1372,0.025948148
1373,0.029102242
1374,0.1899581
1375,0.04117827
1376,0.02737181
1377,0.17458436
1378,0.026161855
1379,0.068467416
1380,0.6925456
1381,0.024403464
1382,0.51571065
1383,0.042092524
1384,0.028527854
1385,0.9308098
1386,0.025388738
1387,0.60090244
1388,0.040826127
1389,0.985067
1390,0.026896369
1391,0.025760673
1392,0.04638941
1393,0.9825304
1394,0.9862105
1395,0.030777127
1396,0.024254873
1397,0.02438841
1398,0.025088288
1399,0.02679067
1400,0.54242337
1401,0.026579844
1402,0.030222159
1403,0.44640934
1404,0.025336815
1405,0.98489136
1406,0.029764893
1407,0.9791941
1408,0.94789517
1409,0.029211458
1410,0.6896763
1411,0.089517504
1412,0.7274951
1413,0.025917385
1414,0.02624193
1415,0.025374502
1416,0.024166869
1417,0.07127959
1418,0.026702242
1419,0.029333778
1420,0.028159503
1421,0.02973693
1422,0.025895184
1423,0.03696601
1424,0.052708954
1425,0.9878796
1426,0.9796138
1427,0.028502366
1428,0.98794657
1429,0.9876481
1430,0.0662595
1431,0.027397048
1432,0.027852608
1433,0.029261306
1434,0.0473622
1435,0.6274233
1436,0.024773331
1437,0.030413516
1438,0.0271696
1439,0.024233388
1440,0.0331601
1441,0.028059004
1442,0.055094704
1443,0.031560067
1444,0.7562027
1445,0.3959836
1446,0.5040649
1447,0.09468815
1448,0.025471913
1449,0.53632355
1450,0.02533449
1451,0.024664711
1452,0.056428194
1453,0.025710769
1454,0.025588874
1455,0.029152296
1456,0.026481437
1457,0.9844759
1458,0.93219787
1459,0.98111844
1460,0.98498625
1461,0.82068145
1462,0.9830973
1463,0.02669456
1464,0.03527514
1465,0.9796689
1466,0.03026978
1467,0.983013
1468,0.031531606
1469,0.03264205
1470,0.9852883
1471,0.98795074
1472,0.9474202
1473,0.7644054
1474,0.024384495
1475,0.027895732
1476,0.029907783
1477,0.98309696
1478,0.98792845
1479,0.030094497
1480,0.984823
1481,0.9846266
1482,0.98553586
1483,0.03146094
1484,0.026635509
1485,0.02708535
1486,0.024892123
1487,0.22842331
1488,0.7261462
1489,0.4254529
1490,0.035226252
1491,0.058700785
1492,0.22200617
1493,0.03883294
1494,0.058389395
1495,0.028656315
1496,0.03018559
1497,0.1296576
1498,0.09134185
1499,0.03358462
1500,0.9175844
1501,0.043731004
1502,0.89174
1503,0.02787757
1504,0.063221194
1505,0.98540527
1506,0.8445651
1507,0.98735553
1508,0.031178657
1509,0.9822672
1510,0.026060104
1511,0.76434904
1512,0.08047295
1513,0.9757239
1514,0.74464583
1515,0.9573479
1516,0.9108674
1517,0.97861266
1518,0.026635261
1519,0.04203259
1520,0.987951
1521,0.987951
1522,0.987951
1523,0.9841414
1524,0.987951
1525,0.024151506
1526,0.987951
1527,0.98699826
1528,0.987951
1529,0.98575115
1530,0.987951
1531,0.9879231
1532,0.9879503
1533,0.029006742
1534,0.987951
1535,0.987951
1536,0.987951
1537,0.028629098
1538,0.33497486
1539,0.025719358
1540,0.043044914
1541,0.024694566
1542,0.025096532
1543,0.987951
1544,0.024823882
1545,0.9879503
1546,0.980293
1547,0.987951
1548,0.9878356
1549,0.987951
1550,0.9857525
1551,0.025398415
1552,0.98794633
1553,0.024586782
1554,0.9879496
1555,0.98795086
1556,0.987951
1557,0.98795086
1558,0.028289428
1559,0.028080676
1560,0.13863327
1561,0.027290646
1562,0.16474652
1563,0.026360353
1564,0.033392042
1565,0.059008356
1566,0.027192129
1567,0.024623632
1568,0.02577134
1569,0.026638199
1570,0.6054579
1571,0.035447475
1572,0.024678132
1573,0.02728551
1574,0.06885431
1575,0.07204878
1576,0.026917487
1577,0.42952514
1578,0.9784046
1579,0.9807529
1580,0.9567809
1581,0.7384552
1582,0.93000895
1583,0.72544044
1584,0.9530796
1585,0.02780525
1586,0.98428357
1587,0.968864
1588,0.96334755
1589,0.9856295
1590,0.9644232
1591,0.5771522
1592,0.02483545
1593,0.02562655
1594,0.026216306
1595,0.67275655
1596,0.12953666
1597,0.14607506
1598,0.025497232
1599,0.029766366
1600,0.16814205
1601,0.02699463
1602,0.030220693
1603,0.9609567
1604,0.72386235
1605,0.041663904
1606,0.025259847
1607,0.025119347
1608,0.024307203
1609,0.98792446
1610,0.9817918
1611,0.029381532
1612,0.73102945
1613,0.025189705
1614,0.036113482
1615,0.028717358
1616,0.02448352
1617,0.03409153
1618,0.026091218
1619,0.033110928
1620,0.02472644
1621,0.028886588
1622,0.026288936
1623,0.9877874
1624,0.9231465
1625,0.98536325
1626,0.9855805
1627,0.9712724
1628,0.9860066
1629,0.025321634
1630,0.026150895
1631,0.024962915
1632,0.027456762
1633,0.97247046
1634,0.9682207
1635,0.9720647
1636,0.028935293
1637,0.024120647
1638,0.040000603
1639,0.03622075
1640,0.025803467
1641,0.044565186
1642,0.024949234
1643,0.041363478
1644,0.04846686
1645,0.029810833
1646,0.036978114
1647,0.031333618
1648,0.03359504
1649,0.02386452
1650,0.032816086
1651,0.047927633
1652,0.97909915
1653,0.072636314
1654,0.98702556
1655,0.12230583
1656,0.9861617
1657,0.98477745
1658,0.026418535
1659,0.025383133
1660,0.9545126
1661,0.024669115
1662,0.7377652
1663,0.97111344
1664,0.038160477
1665,0.026182864
1666,0.032989703
1667,0.028293084
1668,0.04272963
1669,0.026336417
1670,0.024874857
1671,0.026945805
1672,0.027697064
1673,0.029939556
1674,0.024528472
1675,0.024961947
1676,0.02696554
1677,0.025805824
1678,0.78495616
1679,0.8739149
1680,0.02530309
1681,0.8808867
1682,0.9785427
1683,0.9285047
1684,0.14592859
1685,0.02810322
1686,0.024473296
1687,0.025887096
1688,0.025129573
1689,0.027978899
1690,0.70323884
1691,0.09207016
1692,0.030254638
1693,0.6527447
1694,0.727293
1695,0.025281707
1696,0.029200323
1697,0.024237318
1698,0.02769432
1699,0.02421571
1700,0.02735911
1701,0.025804
1702,0.02725009
1703,0.024857124
1704,0.025519768
1705,0.027407333
1706,0.024559941
1707,0.02835575
1708,0.029716
1709,0.024447577
1710,0.024430713
1711,0.025622442
1712,0.9810785
1713,0.9760035
1714,0.025416045
1715,0.98343444
1716,0.98795086
1717,0.9715722
1718,0.98795086
1719,0.98589724
1720,0.06434255
1721,0.98795086
1722,0.025375599
1723,0.028599262
1724,0.026287533
1725,0.07301721
1726,0.029136738
1727,0.023922628
1728,0.026495326
1729,0.9875366
1730,0.7210747
1731,0.035367854
1732,0.028858982
1733,0.030129934
1734,0.024690948
1735,0.02413053
1736,0.03554272
1737,0.034804296
1738,0.02518847
1739,0.95976245
1740,0.029170508
1741,0.03206619
1742,0.0242739
1743,0.8394822
1744,0.028393768
1745,0.024216972
1746,0.98344827
1747,0.6826369
1748,0.6665372
1749,0.93850446
1750,0.027818723
1751,0.9287812
1752,0.025367787
1753,0.048679058
1754,0.038334623
1755,0.9080165
1756,0.9753059
1757,0.03889526
1758,0.024691442
1759,0.02452935
1760,0.9696695
1761,0.810763
1762,0.9848779
1763,0.9799028
1764,0.9875122
1765,0.9876743
1766,0.9829473
1767,0.9878829
1768,0.9877158
1769,0.029230786
1770,0.98795086
1771,0.987949
1772,0.025532007
1773,0.025051218
1774,0.024204005
1775,0.024395572
1776,0.025089787
1777,0.024724524
1778,0.98386496
1779,0.029412294
1780,0.029177628
1781,0.026077004
1782,0.024576042
1783,0.03688577
1784,0.98792076
1785,0.9878905
1786,0.032798763
1787,0.9879495
1788,0.0432994
1789,0.9878762
1790,0.9871237
1791,0.98786783
1792,0.026544124
1793,0.9873465
1794,0.98794997
1795,0.023847826
1796,0.025232835
1797,0.025655832
1798,0.028063262
1799,0.026813045
1800,0.02503476
1801,0.03025249
1802,0.028961025
1803,0.025922513
1804,0.026313812
1805,0.025473941
1806,0.03044988
1807,0.026690783
1808,0.8791645
1809,0.22080943
1810,0.042924203
1811,0.0745785
1812,0.030481303
1813,0.030801995
1814,0.9415276
1815,0.028600726
1816,0.71538264
1817,0.7393716
1818,0.44277212
1819,0.033657096
1820,0.028136013
1821,0.034835804
1822,0.024482701
1823,0.6701171
1824,0.030351127
1825,0.096790254
1826,0.5869648
1827,0.026100174
1828,0.026193803
1829,0.03982252
1830,0.02536775
1831,0.025060238
1832,0.027595107
1833,0.025513763
1834,0.024015717
1835,0.029579204
1836,0.024573093
1837,0.023663916
1838,0.024353921
1839,0.024059175
1840,0.032032914
1841,0.027230736
1842,0.034978196
1843,0.98540515
1844,0.02491541
1845,0.026747381
1846,0.98670924
1847,0.030797958
1848,0.04476714
1849,0.03274003
1850,0.02531039
1851,0.036472738
1852,0.0243075
1853,0.025023213
1854,0.029500999
1855,0.04847946
1856,0.9862221
1857,0.5909367
1858,0.60654175
1859,0.026065478
1860,0.025474539
1861,0.037081532
1862,0.02528948
1863,0.025633702
1864,0.029767385
1865,0.04018134
1866,0.07108545
1867,0.025069483
1868,0.035156216
1869,0.024067951
1870,0.03214288
1871,0.6537567
1872,0.7337048
1873,0.07483326
1874,0.7538495
1875,0.7784776
1876,0.5367745
1877,0.14112388
1878,0.746679
1879,0.08716483
1880,0.8831311
1881,0.73154914
1882,0.06956566
1883,0.02639234
1884,0.025397412
1885,0.024585176
1886,0.027520174
1887,0.0306215
1888,0.0268174
1889,0.142666
1890,0.03673001
1891,0.025471712
1892,0.024664426
1893,0.034473818
1894,0.024318974
1895,0.0249318
1896,0.026310783
1897,0.027768789
1898,0.028579297
1899,0.028693134
1900,0.02790271
1901,0.0246226
1902,0.027300801
1903,0.028245166
1904,0.028101806
1905,0.025023982
1906,0.026368609
1907,0.40372235
1908,0.02699807
1909,0.028324774
1910,0.030414052
1911,0.0304841
1912,0.024300609
1913,0.027422916
1914,0.9696303
1915,0.5519622
1916,0.9869206
1917,0.027088208
1918,0.02531304
1919,0.04605403
1920,0.6670142
1921,0.72724813
1922,0.028062627
1923,0.032530576
1924,0.02621316
1925,0.6648713
1926,0.15598239
1927,0.033668607
1928,0.028732363
1929,0.024281092
1930,0.024281092
1931,0.02590938
1932,0.025295489
1933,0.028169705
1934,0.024447745
1935,0.04131774
1936,0.024870483
1937,0.026453312
1938,0.024163416
1939,0.024652379
1940,0.02635705
1941,0.024410557
1942,0.02852525
1943,0.024195645
1944,0.035185523
1945,0.03519214
1946,0.02978665
1947,0.030258967
1948,0.028006183
1949,0.02539701
1950,0.025233163
1951,0.024358502
1952,0.024373751
1953,0.2082614
1954,0.14119527
1955,0.035372242
1956,0.086559005
1957,0.026551109
1958,0.024987763
1959,0.038415052
1960,0.02407376
1961,0.024805455
1962,0.03573065
1963,0.030066436
1964,0.02437345
1965,0.035084106
1966,0.031743854
1967,0.03915962
1968,0.025455229
1969,0.7018954
1970,0.94182473
1971,0.06464733
1972,0.061630663
1973,0.031445663
1974,0.031985827
1975,0.031140273
1976,0.025894906
1977,0.02504176
1978,0.024760602
1979,0.035380997
1980,0.024297081
1981,0.03165866
1982,0.03312171
1983,0.98612946
1984,0.9019617
1985,0.8291978
1986,0.8916656
1987,0.9686614
1988,0.9873116
1989,0.03667366
1990,0.6698895
1991,0.46595928
1992,0.7953768
1993,0.9795895
1994,0.026592301
1995,0.02615859
1996,0.061988648
1997,0.025839977
1998,0.027599363
1999,0.034373365
2000,0.024049187
2001,0.023628026
2002,0.026543772
2003,0.0374932
2004,0.025176086
2005,0.025094362
2006,0.092655845
2007,0.026875623
2008,0.93773973
2009,0.7206812
2010,0.028933598
2011,0.06985769
2012,0.024473824
2013,0.031448275
2014,0.028539417
2015,0.9431663
2016,0.9677147
2017,0.02563091
2018,0.028240984
2019,0.04208298
2020,0.033556946
2021,0.040621944
2022,0.46271625
2023,0.029578092
2024,0.04371329
2025,0.026121218
2026,0.026290406
2027,0.025168207
2028,0.034450702
2029,0.027316403
2030,0.03870677
2031,0.02462181
2032,0.037278675
2033,0.025782911
2034,0.987951
2035,0.9852284
2036,0.987951
2037,0.6840576
2038,0.987951
2039,0.987951
2040,0.9857431
2041,0.98795074
2042,0.9877851
2043,0.98794335
2044,0.987951
2045,0.987951
2046,0.987951
2047,0.02550693
2048,0.025844397
2049,0.027796738
2050,0.93888503
2051,0.7971216
2052,0.024659654
2053,0.024071308
2054,0.02705423
2055,0.98010546
2056,0.026109524
2057,0.591873
2058,0.06756578
2059,0.558883
2060,0.06302958
2061,0.02546415
2062,0.042043574
2063,0.04110283
2064,0.028862039
2065,0.040534843
2066,0.034011077
2067,0.03438389
2068,0.9784656
2069,0.9511486
2070,0.033415686
2071,0.030419428
2072,0.024931861
2073,0.5902864
2074,0.8892234
2075,0.027796846
2076,0.8277387
2077,0.039530486
2078,0.98214704
2079,0.02701021
2080,0.024883665
2081,0.03863943
2082,0.030055135
2083,0.09137258
2084,0.027420849
2085,0.10434858
2086,0.02530694
2087,0.025369102
2088,0.024359666
2089,0.025635047
2090,0.025927722
2091,0.03052195
2092,0.7162638
2093,0.08986536
2094,0.52870536
2095,0.33103967
2096,0.69697803
2097,0.06155497
2098,0.032980137
2099,0.13603146
2100,0.024171678
2101,0.42919543
2102,0.029989015
2103,0.52020997
2104,0.026118787
2105,0.09037142
2106,0.2176624
2107,0.03023595
2108,0.03030944
2109,0.18432413
2110,0.026137551
2111,0.025495708
2112,0.024915868
2113,0.9754405
2114,0.025073746
2115,0.024192598
2116,0.025211427
2117,0.79225826
2118,0.02544677
2119,0.029681128
2120,0.8093288
2121,0.047369335
2122,0.9722037
2123,0.9696213
2124,0.3216372
2125,0.028559104
2126,0.027252208
2127,0.97016877
2128,0.02426197
2129,0.027916051
2130,0.024429532
2131,0.05884698
2132,0.027022945
2133,0.025663055
2134,0.025427109
2135,0.76327246
2136,0.027703092
2137,0.8613649
2138,0.9877089
2139,0.98780525
2140,0.028476855
2141,0.9879302
2142,0.98782116
2143,0.024073675
2144,0.023573983
2145,0.024357796
2146,0.027946936
2147,0.026928049
2148,0.057689216
2149,0.97863215
2150,0.98217034
2151,0.987872
2152,0.98793274
2153,0.9879339
2154,0.9858833
2155,0.98775
2156,0.027960444
2157,0.98788506
2158,0.026371075
2159,0.034334347
2160,0.040309444
2161,0.85799915
2162,0.44637188
2163,0.024878284
2164,0.973331
2165,0.035927158
2166,0.97501874
2167,0.7979256
2168,0.8932556
2169,0.97338766
2170,0.97359663
2171,0.9570834
2172,0.97005785
2173,0.97086966
2174,0.9128379
2175,0.42036253
2176,0.18632673
2177,0.7755425
2178,0.03202059
2179,0.043988083
2180,0.7419557
2181,0.98569787
2182,0.98308104
2183,0.980121
2184,0.024100482
2185,0.9874222
2186,0.9864233
2187,0.025525058
2188,0.030011134
2189,0.025292553
2190,0.03564161
2191,0.030067807
2192,0.035852928
2193,0.035936862
2194,0.025229083
2195,0.027734095
2196,0.024904525
2197,0.9652547
2198,0.9872858
2199,0.9641706
2200,0.98760325
2201,0.5132985
2202,0.02534848
2203,0.025415195
2204,0.05699107
2205,0.7962671
2206,0.2502968
2207,0.74738604
2208,0.024907429
2209,0.024868079
2210,0.6613016
2211,0.034830857
2212,0.027781794
2213,0.069572866
2214,0.02530921
2215,0.025273113
2216,0.024368377
2217,0.026068857
2218,0.024480913
2219,0.027334671
2220,0.07145727
2221,0.9808445
2222,0.19427356
2223,0.6952779
2224,0.9842017
2225,0.9834403
2226,0.026425667
2227,0.027121859
2228,0.027237333
2229,0.025628729
2230,0.032225657
2231,0.9815595
2232,0.9778667
2233,0.9821238
2234,0.9877958
2235,0.024449991
2236,0.028494623
2237,0.028270448
2238,0.031898864
2239,0.9878856
2240,0.9879255
2241,0.02506557
2242,0.03552565
2243,0.9877049
2244,0.9879117
2245,0.98792833
2246,0.06814169
2247,0.9879308
2248,0.031162275
2249,0.98790014
2250,0.024788471
2251,0.9803817
2252,0.06753991
2253,0.9831199
2254,0.028080652
2255,0.9834818
2256,0.9772703
2257,0.9836299
2258,0.024671303
2259,0.02553176
2260,0.034393407
2261,0.037751485
2262,0.035618234
2263,0.023999289
2264,0.025771936
2265,0.024431162
2266,0.027016936
2267,0.027503595
2268,0.024786564
2269,0.025973814
2270,0.024216255
2271,0.025008626
2272,0.026367046
2273,0.033461776
2274,0.93362504
2275,0.6925693
2276,0.6837172
2277,0.77765274
2278,0.5276847
2279,0.023708133
2280,0.0405297
2281,0.73961425
2282,0.39600578
2283,0.036931325
2284,0.7376399
2285,0.7343928
2286,0.9039956
2287,0.9832897
2288,0.8849546
2289,0.02507793
2290,0.06622223
2291,0.065939926
2292,0.9737714
2293,0.9695234
2294,0.9583534
2295,0.98781383
2296,0.98787016
2297,0.98720896
2298,0.23441006
2299,0.027564432
2300,0.024564212
2301,0.02823815
2302,0.024475202
2303,0.987951
2304,0.987951
2305,0.98574823
2306,0.987951
2307,0.98574775
2308,0.9879418
2309,0.9866006
2310,0.987951
2311,0.987951
2312,0.9816403
2313,0.024355352
2314,0.033737704
2315,0.02897328
2316,0.027988408
2317,0.029845951
2318,0.029827876
2319,0.024885483
2320,0.025791345
2321,0.024943182
2322,0.025705662
2323,0.027948221
2324,0.031114154
2325,0.026215265
2326,0.036139958
2327,0.049320146
2328,0.024811234
2329,0.024769193
2330,0.05545599
2331,0.023923172
2332,0.024234934
2333,0.038210887
2334,0.025753176
2335,0.9438374
2336,0.98544484
2337,0.024959726
2338,0.024516797
2339,0.026154311
2340,0.028226592
2341,0.9748634
2342,0.9847519
2343,0.7417264
2344,0.98752034
2345,0.7491592
2346,0.77720094
2347,0.9746786
2348,0.5541126
2349,0.9784436
2350,0.05196627
2351,0.97402376
2352,0.9515135
2353,0.02527146
2354,0.93783796
2355,0.08487701
2356,0.97441405
2357,0.024702549
2358,0.1249178
2359,0.028449437
2360,0.029657211
2361,0.059298765
2362,0.92926913
2363,0.9795116
2364,0.02687309
2365,0.9876013
2366,0.9877435
2367,0.024275646
2368,0.038212933
2369,0.9668882
2370,0.024200873
2371,0.027610764
2372,0.9848755
2373,0.02626425
2374,0.028203275
2375,0.026232848
2376,0.024441207
2377,0.85015434
2378,0.81753314
2379,0.027192028
2380,0.70877564
2381,0.03882025
2382,0.028262766
2383,0.026052244
2384,0.026157135
2385,0.023784451
2386,0.026134966
2387,0.024020506
2388,0.031319395
2389,0.98088044
2390,0.026946528
2391,0.9877842
2392,0.025169
2393,0.98576075
2394,0.02614398
2395,0.026088372
2396,0.027425008
2397,0.98044395
2398,0.75631
2399,0.9851478
2400,0.98439676
2401,0.27092054
2402,0.9736626
2403,0.9787224
2404,0.103836276
2405,0.97941476
2406,0.6709054
2407,0.68602735
2408,0.98503864
2409,0.7035906
2410,0.029623514
2411,0.7396172
2412,0.028386502
2413,0.031184964
2414,0.60533124
2415,0.025953047
2416,0.51341903
2417,0.96752185
2418,0.9875761
2419,0.07862737
2420,0.647477
2421,0.9855682
2422,0.029214954
2423,0.025105225
2424,0.027828733
2425,0.025494564
2426,0.025958776
2427,0.024265237
2428,0.026270708
2429,0.029960927
2430,0.10003479
2431,0.045907974
2432,0.040804286
2433,0.049131285
2434,0.036783468
2435,0.02963811
2436,0.28156042
2437,0.18168746
2438,0.02967338
2439,0.6475778
2440,0.5742778
2441,0.025551403
2442,0.026548428
2443,0.67963904
2444,0.024653217
2445,0.9791638
2446,0.033163916
2447,0.03284099
2448,0.9861552
2449,0.03838899
2450,0.9819926
2451,0.024586651
2452,0.028083058
2453,0.02487994
2454,0.028297076
2455,0.04203738
2456,0.024892261
2457,0.025245056
2458,0.025191216
2459,0.024332223
2460,0.073070765
2461,0.03469971
2462,0.96577823
2463,0.34165776
2464,0.34900063
2465,0.028753841
2466,0.32219857
2467,0.030469168
2468,0.02687932
2469,0.02514681
2470,0.024140475
2471,0.027330438
2472,0.03158246
2473,0.9471072
2474,0.0270007
2475,0.024209473
2476,0.052790564
2477,0.039904375
2478,0.025111496
2479,0.94470096
2480,0.9399146
2481,0.025442652
2482,0.049090907
2483,0.039491925
2484,0.03449884
2485,0.027163442
2486,0.03732956
2487,0.979471
2488,0.9739425
2489,0.024698332
2490,0.04200336
2491,0.04067822
2492,0.02505887
2493,0.056731984
2494,0.74921525
2495,0.9865035
2496,0.96746695
2497,0.98358387
2498,0.9752553
2499,0.03511502
2500,0.98710954
2501,0.98191905
2502,0.8925583
2503,0.025798129
2504,0.02857201
2505,0.02437908
2506,0.5100191
2507,0.025905825
2508,0.09389376
2509,0.028226826
2510,0.03533474
2511,0.032586433
2512,0.80822206
2513,0.98149234
2514,0.028708512
2515,0.9785507
2516,0.9151955
2517,0.9817069
2518,0.97074676
2519,0.026604762
2520,0.97748166
2521,0.026862804
2522,0.024208581
2523,0.031689808
2524,0.030355806
2525,0.025021473
2526,0.027556805
2527,0.029255403
2528,0.024262141
2529,0.79513437
2530,0.9361055
2531,0.035306454
2532,0.02535748
2533,0.07444381
2534,0.9802097
2535,0.9741959
2536,0.024575306
2537,0.024585603
2538,0.024836045
2539,0.024851797
2540,0.026010226
2541,0.024284113
2542,0.64748484
2543,0.9859293
2544,0.9864254
2545,0.9859848
2546,0.98642147
2547,0.044912994
2548,0.033294346
2549,0.02451596
2550,0.024244104
2551,0.027279373
2552,0.024842331
2553,0.028371716
2554,0.35841307
2555,0.024847297
2556,0.028436132
2557,0.028187288
2558,0.024235709
2559,0.024851583
2560,0.025635976
2561,0.9879259
2562,0.98786885
2563,0.9879483
2564,0.9876109
2565,0.03360019
2566,0.98786944
2567,0.025440097
2568,0.02769904
2569,0.025455553
2570,0.02460236
2571,0.036518656
2572,0.98298174
2573,0.9878483
2574,0.98785585
2575,0.025300914
2576,0.027802672
2577,0.024809573
2578,0.033331554
2579,0.22026066
2580,0.023765799
2581,0.9131009
2582,0.026196102
2583,0.9515849
2584,0.81657434
2585,0.9876485
2586,0.027603822
2587,0.14638954
2588,0.045684487
2589,0.026275331
2590,0.029029688
2591,0.98703104
2592,0.98324007
2593,0.98487353
2594,0.024169201
2595,0.026082879
2596,0.08446454
2597,0.024052836
2598,0.984335
2599,0.98365396
2600,0.9842712
2601,0.03190995
2602,0.9878878
2603,0.026757155
2604,0.9876423
2605,0.026586331
2606,0.02405227
2607,0.024139106
2608,0.024500392
2609,0.026648393
2610,0.08889011
2611,0.033533502
2612,0.025433915
2613,0.025290987
2614,0.025083724
2615,0.0256746
2616,0.041605342
2617,0.025336869
2618,0.025317399
2619,0.02444791
2620,0.026090704
2621,0.024955709
2622,0.02518213
2623,0.07998159
2624,0.028265871
2625,0.97214186
2626,0.025443932
2627,0.038379513
2628,0.026962174
2629,0.79140306
2630,0.025158776
2631,0.02652075
2632,0.031452246
2633,0.98210657
2634,0.9871738
2635,0.028182132
2636,0.02720754
2637,0.027989307
2638,0.024938583
2639,0.026529174
2640,0.037653767
2641,0.026073491
2642,0.02677937
2643,0.024138957
2644,0.024290372
2645,0.026934437
2646,0.023995789
2647,0.027826786
2648,0.02613456
2649,0.95125705
2650,0.92695296
2651,0.031518187
2652,0.03404869
2653,0.028894767
2654,0.024202188
2655,0.031752817
2656,0.048909504
2657,0.03368822
2658,0.861057
2659,0.693001
2660,0.7335275
2661,0.9386856
2662,0.024927206
2663,0.025580583
2664,0.030667821
2665,0.045044094
2666,0.24796362
2667,0.02521235
2668,0.17497957
2669,0.060666855
2670,0.024312802
2671,0.025859125
2672,0.037252404
2673,0.026958354
2674,0.02503751
2675,0.02775017
2676,0.02601168
2677,0.027328739
2678,0.09649596
2679,0.028771412
2680,0.024645604
2681,0.02561858
2682,0.025341982
2683,0.027867518
2684,0.98763204
2685,0.9872357
2686,0.98367107
2687,0.03262657
2688,0.025954848
2689,0.025028313
2690,0.029269312
2691,0.024707805
2692,0.7939103
2693,0.9810416
2694,0.93877375
2695,0.10371848
2696,0.04273344
2697,0.10646061
2698,0.033184357
2699,0.039369542
2700,0.04031901
2701,0.027803585
2702,0.9824492
2703,0.9060848
2704,0.027425425
2705,0.03587165
2706,0.7571219
2707,0.7382773
2708,0.98664176
2709,0.9676449
2710,0.030156013
2711,0.028774098
2712,0.029289339
2713,0.985872
2714,0.52635765
2715,0.024611857
2716,0.025685996
2717,0.028538998
2718,0.030936392
2719,0.02488758
2720,0.02668289
2721,0.02805365
2722,0.06600076
2723,0.033821505
2724,0.025004722
2725,0.74007994
2726,0.96943027
2727,0.6719628
2728,0.024414256
2729,0.024988435
2730,0.024146002
2731,0.9853167
2732,0.95691067
2733,0.025400044
2734,0.024453482
2735,0.024832876
2736,0.025340173
2737,0.034655225
2738,0.025965018
2739,0.02964458
2740,0.37650186
2741,0.03007348
2742,0.027960548
2743,0.03678162
2744,0.02901259
2745,0.03231979
2746,0.030604688
2747,0.06789623
2748,0.13961588
2749,0.024006538
2750,0.023804238
2751,0.97885084
2752,0.09697755
2753,0.02467167
2754,0.025344608
2755,0.06969426
2756,0.25091317
2757,0.03027646
2758,0.028005034
2759,0.034836475
2760,0.025789248
2761,0.026793381
2762,0.023905363
2763,0.026160657
2764,0.023943739
2765,0.02850129
2766,0.024591696
2767,0.9102087
2768,0.0465353
2769,0.029025445
2770,0.9863668
2771,0.98124
2772,0.97743237
2773,0.9859401
2774,0.98727566
2775,0.98332584
2776,0.9837532
2777,0.027896436
2778,0.027913187
2779,0.04770168
2780,0.02432294
2781,0.032495573
2782,0.03919812
2783,0.030388828
2784,0.0359627
2785,0.033719976
2786,0.97016597
2787,0.029811658
2788,0.9173786
2789,0.98705065
2790,0.024200222
2791,0.030484624
2792,0.59518164
2793,0.058212213
2794,0.029204773
2795,0.43240225
2796,0.971778
2797,0.5773545
2798,0.027311968
2799,0.03398581
2800,0.050421398
2801,0.03799076
2802,0.9809321
2803,0.027945636
2804,0.6380373
2805,0.028509617
2806,0.029628085
2807,0.9875843
2808,0.025303058
2809,0.7202677
2810,0.036318876
2811,0.03440359
2812,0.037327275
2813,0.023977716
2814,0.7602991
2815,0.025630206
2816,0.23154987
2817,0.0292656
2818,0.025506917
2819,0.03118173
2820,0.026316386
2821,0.02605119
2822,0.02570524
2823,0.024219953
2824,0.025600737
2825,0.024804255
2826,0.025106898
2827,0.100396246
2828,0.9703841
2829,0.6187384
2830,0.9727237
2831,0.96643025
2832,0.04010013
2833,0.74434215
2834,0.73834443
2835,0.9724367
2836,0.7401262
2837,0.9687327
2838,0.98572785
2839,0.78158706
2840,0.98123944
2841,0.027653411
2842,0.035234116
2843,0.57122964
2844,0.13997085
2845,0.026153443
2846,0.055119548
2847,0.024423955
2848,0.9797442
2849,0.96110964
2850,0.02504203
2851,0.8127223
2852,0.02513314
2853,0.029115723
2854,0.028754389
2855,0.13811453
2856,0.024478782
2857,0.029117279
2858,0.031072063
2859,0.032048635
2860,0.032052733
2861,0.030562567
2862,0.024368485
2863,0.036528777
2864,0.9862257
2865,0.05643834
2866,0.9878614
2867,0.02586165
2868,0.0265102
2869,0.7248985
2870,0.028325727
2871,0.025027538
2872,0.1149709
2873,0.026683932
2874,0.026845993
2875,0.02686438
2876,0.02568637
2877,0.9810383
2878,0.031889513
2879,0.02649143
2880,0.028057424
2881,0.98762727
2882,0.025445983
2883,0.0494835
2884,0.9875801
2885,0.049717728
2886,0.030140275
2887,0.026337225
2888,0.02751761
2889,0.028720092
2890,0.027736135
2891,0.98667717
2892,0.9831992
2893,0.9131418
2894,0.025419978
2895,0.3572761
2896,0.04457911
2897,0.029585497
2898,0.030259589
2899,0.02420443
2900,0.02612825
2901,0.83380884
2902,0.13416053
2903,0.0411056
2904,0.025161682
2905,0.026320063
2906,0.9877516
2907,0.9796154
2908,0.91253483
2909,0.97117585
2910,0.024107441
2911,0.028933119
2912,0.80593646
2913,0.030824324
2914,0.02470565
2915,0.03520056
2916,0.027772725
2917,0.034113258
2918,0.98680997
2919,0.9770453
2920,0.45327953
2921,0.975382
2922,0.7778256
2923,0.987805
2924,0.9876133
2925,0.9815631
2926,0.9835746
2927,0.044086322
2928,0.04463832
2929,0.027218843
2930,0.026512709
2931,0.030255888
2932,0.9633045
2933,0.98083097
2934,0.024476174
2935,0.024894947
2936,0.030278029
2937,0.05468795
2938,0.029064586
2939,0.026531491
2940,0.031017795
2941,0.7195234
2942,0.8758005
2943,0.10582618
2944,0.050874457
2945,0.051540423
2946,0.7607439
2947,0.028527053
2948,0.58895916
2949,0.97836363
2950,0.92352635
2951,0.9877709
2952,0.98713326
2953,0.9784308
2954,0.030912109
2955,0.45074117
2956,0.55898
2957,0.97910666
2958,0.662155
2959,0.9770008
2960,0.4158898
2961,0.026542578
2962,0.79629564
2963,0.025165215
2964,0.048478663
2965,0.025756873
2966,0.028070632
2967,0.025753908
2968,0.024007907
2969,0.032868307
2970,0.02515282
2971,0.738127
2972,0.02450347
2973,0.025279215
2974,0.029207887
2975,0.02482421
2976,0.023834486
2977,0.0243258
2978,0.02593007
2979,0.987951
2980,0.98771983
2981,0.987951
2982,0.032643624
2983,0.98575133
2984,0.024383102
2985,0.028839104
2986,0.98794645
2987,0.9879484
2988,0.987951
2989,0.987951
2990,0.987951
2991,0.026147489
2992,0.04507826
2993,0.025632344
2994,0.029105043
2995,0.04000637
2996,0.7413453
2997,0.12664764
2998,0.38410363
2999,0.6854307
3000,0.732732
3001,0.43781206
3002,0.20925324
3003,0.028158376
3004,0.024520645
3005,0.02674568
3006,0.02437967
3007,0.03378147
3008,0.047858745
3009,0.03204223
3010,0.030334225
3011,0.03856704
3012,0.024313873
3013,0.11789521
3014,0.7373977
3015,0.027968181
3016,0.025904136
3017,0.06981044
3018,0.03950377
3019,0.036824156
3020,0.07476035
3021,0.025315316
3022,0.027801055
3023,0.024478571
3024,0.025911221
3025,0.057486
3026,0.02711043
3027,0.92605036
3028,0.025767049
3029,0.24650386
3030,0.028065154
3031,0.025477882
3032,0.9644466
3033,0.030875102
3034,0.055151034
3035,0.023864852
3036,0.024270037
3037,0.030800728
3038,0.026594535
3039,0.69044816
3040,0.98639435
3041,0.98618364
3042,0.031222282
3043,0.025748342
3044,0.024553219
3045,0.02448393
3046,0.025045387
3047,0.9850153
3048,0.06857041
3049,0.026238851
3050,0.2969005
3051,0.9523461
3052,0.97510374
3053,0.043857124
3054,0.68525434
3055,0.7869006
3056,0.3327467
3057,0.029403513
3058,0.039988738
3059,0.02496526
3060,0.030656554
3061,0.02541493
3062,0.9879117
3063,0.89905614
3064,0.024317883
3065,0.98725885
3066,0.98620504
3067,0.02375559
3068,0.03585445
3069,0.024312926
3070,0.9848702
3071,0.98557544
3072,0.9773054
3073,0.025683967
3074,0.027371602
3075,0.75336975
3076,0.4152446
3077,0.024388462
3078,0.026493376
3079,0.02586859
3080,0.03145535
3081,0.033371482
3082,0.02584713
3083,0.04192161
3084,0.024968019
3085,0.9864568
3086,0.9795822
3087,0.976213
3088,0.9876961
3089,0.98731005
3090,0.02398258
3091,0.024232041
3092,0.030594379
3093,0.024299044
3094,0.025597593
3095,0.030352993
3096,0.024834605
3097,0.029710662
3098,0.034730647
3099,0.025218297
3100,0.02779264
3101,0.028552337
3102,0.03134408
3103,0.028418502
3104,0.86697525
3105,0.023887234
3106,0.028175266
3107,0.38810915
3108,0.035457075
3109,0.03929636
3110,0.027355667
3111,0.6775378
3112,0.07770373
3113,0.9877884
3114,0.8682841
3115,0.98745316
3116,0.97485596
3117,0.0805804
3118,0.030192224
3119,0.03592417
3120,0.025038881
3121,0.07096729
3122,0.023958199
3123,0.033041876
3124,0.02438173
3125,0.025233878
3126,0.071208626
3127,0.97173935
3128,0.035737306
3129,0.03858615
3130,0.7355143
3131,0.027025972
3132,0.03814451
3133,0.027623946
3134,0.029455014
3135,0.025527708
3136,0.02400392
3137,0.027237682
3138,0.70992523
3139,0.024705376
3140,0.024678476
3141,0.026094873
3142,0.028297583
3143,0.029615859
3144,0.025137361
3145,0.026380766
3146,0.031149637
3147,0.9531578
3148,0.39989525
3149,0.025269683
3150,0.028139569
3151,0.03723764
3152,0.03639086
3153,0.034735523
3154,0.034811042
3155,0.07664625
3156,0.6785547
3157,0.06595612
3158,0.030078804
3159,0.029087827
3160,0.024909126
3161,0.026212368
3162,0.033318125
3163,0.026411438
3164,0.06646738
3165,0.02757525
3166,0.7083573
3167,0.040119283
3168,0.7388599
3169,0.025342291
3170,0.030015204
3171,0.026699027
3172,0.02363278
3173,0.03145155
3174,0.025585135
3175,0.032856815
3176,0.025340857
3177,0.028594442
3178,0.027373265
3179,0.026124641
3180,0.96293586
3181,0.02878854
3182,0.13068312
3183,0.07146719
3184,0.031564508
3185,0.98490924
3186,0.9819515
3187,0.027132742
3188,0.026341666
3189,0.03502721
3190,0.6052094
3191,0.8693442
3192,0.6925349
3193,0.7218729
3194,0.036264382
3195,0.029485304
3196,0.026786486
3197,0.024634706
3198,0.98614025
3199,0.98719096
3200,0.9822599
3201,0.06188961
3202,0.9876887
3203,0.026895076
3204,0.02414859
3205,0.032438733
3206,0.5144239
3207,0.028260596
3208,0.027280608
3209,0.024166869
3210,0.024673918
3211,0.032602474
3212,0.055994164
3213,0.02817778
3214,0.030299863
3215,0.028040381
3216,0.041122805
3217,0.02530356
3218,0.86140394
3219,0.98423517
3220,0.9837187
3221,0.027788214
3222,0.04658772
3223,0.98486
3224,0.97353643
3225,0.024303757
3226,0.9857632
3227,0.029625801
3228,0.72981554
3229,0.3127015
3230,0.02718431
3231,0.02773776
3232,0.9878228
3233,0.987951
3234,0.030892188
3235,0.9858947
3236,0.987951
3237,0.9879507
3238,0.98795086
3239,0.8219051
3240,0.987951
3241,0.987951
3242,0.987951
3243,0.025266558
3244,0.06477569
3245,0.08212568
3246,0.38993275
3247,0.9423126
3248,0.024019592
3249,0.030486254
3250,0.025471661
3251,0.034721527
3252,0.024303593
3253,0.025373721
3254,0.026891358
3255,0.024281016
3256,0.02495887
3257,0.02553527
3258,0.024410006
3259,0.025744922
3260,0.027084535
3261,0.025503611
3262,0.028271934
3263,0.024973888
3264,0.02826712
3265,0.02948048
3266,0.035048872
3267,0.03191796
3268,0.64245784
3269,0.024007749
3270,0.036270466
3271,0.023993375
3272,0.024960676
3273,0.026571212
3274,0.9829928
3275,0.98786014
3276,0.02427582
3277,0.9715316
3278,0.95918655
3279,0.027001394
3280,0.10640742
3281,0.033268154
3282,0.20950486
3283,0.025784483
3284,0.032631952
3285,0.5056066
3286,0.091869436
3287,0.024240147
3288,0.030951215
3289,0.030197524
3290,0.027415901
3291,0.024395816
3292,0.025373558
3293,0.25614277
3294,0.06575226
3295,0.027871327
3296,0.024444457
3297,0.027054682
3298,0.85418236
3299,0.023954526
3300,0.9619682
3301,0.9121394
3302,0.042124268
3303,0.024876509
3304,0.9819608
3305,0.3460803
3306,0.024828501
3307,0.024779249
3308,0.9879501
3309,0.987951
3310,0.9876923
3311,0.98795074
3312,0.030326545
3313,0.987951
3314,0.9879507
3315,0.98795086
3316,0.98795086
3317,0.026293945
3318,0.14270191
3319,0.9879242
3320,0.9879218
3321,0.114537284
3322,0.9879494
3323,0.98795056
3324,0.024914183
3325,0.027734341
3326,0.98795086
3327,0.98795086
3328,0.97668844
3329,0.9879503
3330,0.9797028
3331,0.97268784
3332,0.75382054
3333,0.9859622
3334,0.024285475
3335,0.025615895
3336,0.028118733
3337,0.739954
3338,0.98756313
3339,0.027098082
3340,0.980179
3341,0.85400015
3342,0.9813276
3343,0.028133458
3344,0.023827855
3345,0.032614958
3346,0.36761698
3347,0.029432325
3348,0.025766052
3349,0.039946586
3350,0.028463406
3351,0.025405716
3352,0.0577077
3353,0.44265264
3354,0.027888073
3355,0.7187175
3356,0.6349166
3357,0.046586893
3358,0.032967933
3359,0.7056237
3360,0.26743987
3361,0.1260058
3362,0.056042735
3363,0.68521
3364,0.72292775
3365,0.035973333
3366,0.02771897
3367,0.026983982
3368,0.9821583
3369,0.9839421
3370,0.043532755
3371,0.024756541
3372,0.031509683
3373,0.7001946
3374,0.9562301
3375,0.9748523
3376,0.9457528
3377,0.69966555
3378,0.02727682
3379,0.028541118
3380,0.7567297
3381,0.031435896
3382,0.02645193
3383,0.6800568
3384,0.025127482
3385,0.029130876
3386,0.7509194
3387,0.028603423
3388,0.06035374
3389,0.9697216
3390,0.03297915
3391,0.058193434
3392,0.9872972
3393,0.9841473
3394,0.9188056
3395,0.75227743
3396,0.024234606
3397,0.81527144
3398,0.027349977
3399,0.040817473
3400,0.02766986
3401,0.03124742
3402,0.06871809
3403,0.9021452
3404,0.73025864
3405,0.03269765
3406,0.032759786
3407,0.06998816
3408,0.031919543
3409,0.02956406
3410,0.73562753
3411,0.45573667
3412,0.59738755
3413,0.67564315
3414,0.03140334
3415,0.032519188
3416,0.025456155
3417,0.02531987
3418,0.066494845
3419,0.034884706
3420,0.043325078
3421,0.02461681
3422,0.9598702
3423,0.03431355
3424,0.72947055
3425,0.02558061
3426,0.027144168
3427,0.026329089
3428,0.84447724
3429,0.026992608
3430,0.027445816
3431,0.037359055
3432,0.026151083
3433,0.025550777
3434,0.029750513
3435,0.024631955
3436,0.98684096
3437,0.97720236
3438,0.037400465
3439,0.9876308
3440,0.23001389
3441,0.2242634
3442,0.7964467
3443,0.028585063
3444,0.987235
3445,0.16432367
3446,0.9857496
3447,0.03472877
3448,0.9782535
3449,0.98795086
3450,0.987951
3451,0.02756475
3452,0.9879488
3453,0.98795086
3454,0.025868986
3455,0.9879507
3456,0.08520595
3457,0.96074164
3458,0.28281984
3459,0.030445496
3460,0.031179197
3461,0.028215952
3462,0.047472022
3463,0.024759835
3464,0.14624019
3465,0.03789177
3466,0.029416023
3467,0.029192422
3468,0.98254955
3469,0.9879199
3470,0.027810311
3471,0.028902302
3472,0.9841697
3473,0.9868025
3474,0.984118
3475,0.02424669
3476,0.028405212
3477,0.025316576
3478,0.037276458
3479,0.062438805
3480,0.027878996
3481,0.029471083
3482,0.028016945
3483,0.025681067
3484,0.02477568
3485,0.024718022
3486,0.98786575
3487,0.98790514
3488,0.028818812
3489,0.98788154
3490,0.9879255
3491,0.98788655
3492,0.050471097
3493,0.09875682
3494,0.029801318
3495,0.02586365
3496,0.02529011
3497,0.978632
3498,0.030587874
3499,0.98582315
3500,0.026218096
3501,0.9875146
3502,0.9848862
3503,0.96029687
3504,0.02531542
3505,0.80654335
3506,0.9871711
3507,0.9368596
3508,0.023953956
3509,0.024340045
3510,0.027517207
3511,0.059556216
3512,0.3341158
3513,0.026433446
3514,0.028593618
3515,0.9811365
3516,0.9807566
3517,0.93297297
3518,0.9815974
3519,0.9562814
3520,0.039973084
3521,0.27842844
3522,0.9407509
3523,0.028423239
3524,0.987951
3525,0.9879502
3526,0.9879494
3527,0.987951
3528,0.987951
3529,0.987951
3530,0.8378957
3531,0.9833819
3532,0.02541119
3533,0.037552897
3534,0.028892526
3535,0.027749317
3536,0.94865733
3537,0.031354863
3538,0.645752
3539,0.9878227
3540,0.98763126
3541,0.9728663
3542,0.9867713
3543,0.025830511
3544,0.032732714
3545,0.0309517
3546,0.033751488
3547,0.029464548
3548,0.02621098
3549,0.05019831
3550,0.029064579
3551,0.75871414
3552,0.63346016
3553,0.024579147
3554,0.023634363
3555,0.02595543
3556,0.025580887
3557,0.024521414
3558,0.9711161
3559,0.9879155
3560,0.98773617
3561,0.73158985
3562,0.9860233
3563,0.02831768
3564,0.029241206
3565,0.026270883
3566,0.024360174
3567,0.028105563
3568,0.025010144
3569,0.02487896
3570,0.02498556
3571,0.9871043
3572,0.98222363
3573,0.98650044
3574,0.029508216
3575,0.5758951
3576,0.024438648
3577,0.55878097
3578,0.06764695
3579,0.026358454
3580,0.026926432
3581,0.9366899
3582,0.44087616
3583,0.07441275
3584,0.024796948
3585,0.026753409
3586,0.036660634
3587,0.025465984
3588,0.9015328
3589,0.025297161
3590,0.030445872
3591,0.9233754
3592,0.0488224
3593,0.024305137
3594,0.9585999
3595,0.029986959
3596,0.97516567
3597,0.024264716
3598,0.9507912
3599,0.9555701
3600,0.024594063
3601,0.024562998
3602,0.025889277
3603,0.9719002
3604,0.045288343
3605,0.030783422
3606,0.045920916
3607,0.028763784
3608,0.6499466
3609,0.73046595
3610,0.983788
3611,0.027689345
3612,0.03585845
3613,0.027823295
3614,0.027103936
3615,0.025244866
3616,0.032329593
3617,0.027388101
3618,0.9706731
3619,0.90184
3620,0.030111924
3621,0.9069374
3622,0.030032754
3623,0.028462928
3624,0.03444496
3625,0.024974726
3626,0.028344955
3627,0.025036205
3628,0.025703395
3629,0.9742221
3630,0.024539644
3631,0.024334533
3632,0.047349565
3633,0.028066345
3634,0.053663075
3635,0.97460574
3636,0.98746055
3637,0.82423896
3638,0.987927
3639,0.98783386
3640,0.98133445
3641,0.06754851
3642,0.027032675
3643,0.025105989
3644,0.029553501
3645,0.02649138
3646,0.19239025
3647,0.032689385
3648,0.44840595
3649,0.70539105
3650,0.2018716
3651,0.04148887
3652,0.030361176
3653,0.49856424
3654,0.9621125
3655,0.045692336
3656,0.06888466
3657,0.06718249
3658,0.026622297
3659,0.71374524
3660,0.9812583
3661,0.8785415
3662,0.033555076
3663,0.039563958
3664,0.042004026
3665,0.039026193
3666,0.029362995
3667,0.025461959
3668,0.025829436
3669,0.026125021
3670,0.026267817
3671,0.044284575
3672,0.02426633
3673,0.97564733
3674,0.98795086
3675,0.98794925
3676,0.9879495
3677,0.9879431
3678,0.024677606
3679,0.6896737
3680,0.036532048
3681,0.028584521
3682,0.041744076
3683,0.057543464
3684,0.026748314
3685,0.029835097
3686,0.98752815
3687,0.56398106
3688,0.026628567
3689,0.027193522
3690,0.027823983
3691,0.029332148
3692,0.98583835
3693,0.35252282
3694,0.9838521
3695,0.9809998
3696,0.73750556
3697,0.5891864
3698,0.9854848
3699,0.7085222
3700,0.73409694
3701,0.9857223
3702,0.94316125
3703,0.034074716
3704,0.0242356
3705,0.024233853
3706,0.044249512
3707,0.026405254
3708,0.027070124
3709,0.028127003
3710,0.029056007
3711,0.0389209
3712,0.031598285
3713,0.53164065
3714,0.027304437
3715,0.9748146
3716,0.026032554
3717,0.98498106
3718,0.90134364
3719,0.28481743
3720,0.024524782
3721,0.024262547
3722,0.033587556
3723,0.025731277
3724,0.98699373
3725,0.97079855
3726,0.9726298
3727,0.9878105
3728,0.9879507
3729,0.035308823
3730,0.98794484
3731,0.98794377
3732,0.9422638
3733,0.026955383
3734,0.9868628
3735,0.024567286
3736,0.03388181
3737,0.02655291
3738,0.9505457
3739,0.029268673
3740,0.026349626
3741,0.028706187
3742,0.02419883
3743,0.024508951
3744,0.031805005
3745,0.9426652
3746,0.29503542
3747,0.026788268
3748,0.029493442
3749,0.025564807
3750,0.05160786
3751,0.98572725
3752,0.029903887
3753,0.98576134
3754,0.70276815
3755,0.8142419
3756,0.35647464
3757,0.7848632
3758,0.96887
3759,0.96615857
3760,0.023982603
3761,0.030298622
3762,0.026112562
3763,0.026161266
3764,0.9867185
3765,0.8500048
3766,0.98290503
3767,0.88118404
3768,0.98722947
3769,0.024133788
3770,0.02706997
3771,0.03368402
3772,0.028101636
3773,0.026179504
3774,0.1310407
3775,0.03774441
3776,0.12400212
3777,0.025418488
3778,0.9722373
3779,0.28762054
3780,0.032369882
3781,0.1711185
3782,0.11788992
3783,0.04066767
3784,0.028626245
3785,0.9871076
3786,0.9339507
3787,0.0243259
3788,0.98788655
3789,0.98628473
3790,0.025458489
3791,0.026577318
3792,0.71082824
3793,0.035507716
3794,0.026787788
3795,0.034417834
3796,0.031287313
3797,0.038964204
3798,0.02867417
3799,0.6783319
3800,0.032369595
3801,0.3192927
3802,0.03249059
3803,0.9665427
3804,0.98292637
3805,0.034433205
3806,0.02597456
3807,0.042639855
3808,0.026123725
3809,0.8332755
3810,0.7280746
3811,0.98658204
3812,0.9806496
3813,0.026004117
3814,0.026938995
3815,0.10380859
3816,0.053971563
3817,0.05051534
3818,0.9700528
3819,0.9724386
3820,0.9727517
3821,0.9490115
3822,0.9715587
3823,0.95825356
3824,0.9028813
3825,0.026833175
3826,0.023902794
3827,0.94800544
3828,0.024890024
3829,0.8944361
3830,0.024420278
3831,0.9172943
3832,0.9762247
3833,0.029331176
3834,0.034503203
3835,0.042483855
3836,0.033588327
3837,0.9879481
3838,0.98794764
3839,0.9723612
3840,0.02978883
3841,0.98795074
3842,0.02958154
3843,0.987951
3844,0.9879483
3845,0.030300586
3846,0.03567363
3847,0.73469
3848,0.65437853
3849,0.9349706
3850,0.7251202
3851,0.9706608
3852,0.049653854
3853,0.9738617
3854,0.97111434
3855,0.06789743
3856,0.48660776
3857,0.033984456
3858,0.98795044
3859,0.98795056
3860,0.987951
3861,0.98795086
3862,0.025917385
3863,0.02468581
3864,0.9728209
3865,0.987951
3866,0.0959599
3867,0.9874018
3868,0.987951
3869,0.030434864
3870,0.032777417
3871,0.7576282
3872,0.043261323
3873,0.025280599
3874,0.031187257
3875,0.085766256
3876,0.026437324
3877,0.118158326
3878,0.029669069
3879,0.94073695
3880,0.027572853
3881,0.9709561
3882,0.024250064
3883,0.9875257
3884,0.9716333
3885,0.037537992
3886,0.035273846
3887,0.024187027
3888,0.06485661
3889,0.9826444
3890,0.985377
3891,0.9021573
3892,0.025323143
3893,0.025702802
3894,0.024903342
3895,0.8585987
3896,0.051816665
3897,0.029208463
3898,0.027427798
3899,0.025569025
3900,0.024881916
3901,0.029990256
3902,0.028174523
3903,0.04535517
3904,0.08483114
3905,0.029502211
3906,0.024195956
3907,0.024453426
3908,0.024938185
3909,0.9699102
3910,0.9879411
3911,0.98628205
3912,0.98345387
3913,0.98119235
3914,0.9836003
3915,0.9844616
3916,0.98244816
3917,0.9876222
3918,0.97846025
3919,0.9878876
3920,0.024633296
3921,0.02465367
3922,0.02813007
3923,0.98327464
3924,0.026808634
3925,0.030563787
3926,0.027189946
3927,0.03281319
3928,0.024755431
3929,0.123004876
3930,0.03090641
3931,0.04080962
3932,0.98368406
3933,0.92790866
3934,0.68529356
3935,0.9343187
3936,0.8969269
3937,0.024700416
3938,0.026907172
3939,0.03329202
3940,0.029166523
3941,0.024481243
3942,0.9809914
3943,0.02691285
3944,0.9815958
3945,0.9757096
3946,0.025856944
3947,0.95827717
3948,0.033923715
3949,0.031106796
3950,0.025416765
3951,0.02840571
3952,0.030924652
3953,0.98132277
3954,0.62471837
3955,0.025233421
3956,0.029686173
3957,0.025390241
3958,0.96998
3959,0.04105972
3960,0.025373405
3961,0.029070534
3962,0.49358737
3963,0.9845622
3964,0.024069618
3965,0.025601603
3966,0.034231104
3967,0.026095169
3968,0.7366156
3969,0.73546785
3970,0.024975514
3971,0.027308568
3972,0.68124163
3973,0.024539802
3974,0.49037686
3975,0.98403925
3976,0.98741513
3977,0.027205715
3978,0.04019899
3979,0.045342397
3980,0.024436751
3981,0.035233393
3982,0.025689568
3983,0.02604389
3984,0.9856818
3985,0.024136856
3986,0.964661
3987,0.63456863
3988,0.024270501
3989,0.024701199
3990,0.02942567
3991,0.042528037
3992,0.024393063
3993,0.02445856
3994,0.06260423
3995,0.9879484
3996,0.98638827
3997,0.027879857
3998,0.028895577
3999,0.029430833
4000,0.0250889
4001,0.025755044
4002,0.025409866
4003,0.025821226
4004,0.026377238
4005,0.9293208
4006,0.0294162
4007,0.024366023
4008,0.53700686
4009,0.072030514
4010,0.048444893
4011,0.33720216
4012,0.9854693
4013,0.029509075
4014,0.044174522
4015,0.025061853
4016,0.08669744
4017,0.036075763
4018,0.031938627
4019,0.025168281
4020,0.030650426
4021,0.024483087
4022,0.8062561
4023,0.029473685
4024,0.8444936
4025,0.024930717
4026,0.06500615
4027,0.026339617
4028,0.9417873
4029,0.025511365
4030,0.027645458
4031,0.027273031
4032,0.02483108
4033,0.9705039
4034,0.029686693
4035,0.12635589
4036,0.02942399
4037,0.28870386
4038,0.028015241
4039,0.028137133
4040,0.025396558
4041,0.029320398
4042,0.027005704
4043,0.5829537
4044,0.027637787
4045,0.024376381
4046,0.024921395
4047,0.086106546
4048,0.029708793
4049,0.024713118
4050,0.029474469
4051,0.0240697
4052,0.034610085
4053,0.025881588
4054,0.024601145
4055,0.6871729
4056,0.4120582
4057,0.024204558
4058,0.032704268
4059,0.13866484
4060,0.20704041
4061,0.027811438
4062,0.101165675
4063,0.024569465
4064,0.04681806
4065,0.12695417
4066,0.98708564
4067,0.49228057
4068,0.98681706
4069,0.98758954
4070,0.9877916
4071,0.029555514
4072,0.9675789
4073,0.030032685
4074,0.032118794
4075,0.9751405
4076,0.025672866
4077,0.037903138
4078,0.026381033
4079,0.9852483
4080,0.024797145
4081,0.10856373
4082,0.035848353
4083,0.025588805
4084,0.036998667
4085,0.031504393
4086,0.024291456
4087,0.024270969
4088,0.02731333
4089,0.98112077
4090,0.98769605
4091,0.0268763
4092,0.02990374
4093,0.024340289
4094,0.9255691
4095,0.6879748
4096,0.031034602
4097,0.97293484
4098,0.9854879
4099,0.9686226
4100,0.025840446
4101,0.98760754
4102,0.9876502
4103,0.98743606
4104,0.025007453
4105,0.024614984
4106,0.024612952
4107,0.6278275
4108,0.034210533
4109,0.024833258
4110,0.028500954
4111,0.5598271
4112,0.024638394
4113,0.9525586
4114,0.9704062
4115,0.98790705
4116,0.9879469
4117,0.9878891
4118,0.044721127
4119,0.023757584
4120,0.025128938
4121,0.026739934
4122,0.05122446
4123,0.025296269
4124,0.026172837
4125,0.7359107
4126,0.3933727
4127,0.024568899
4128,0.4026645
4129,0.70004827
4130,0.4547666
4131,0.029426238
4132,0.024339894
4133,0.71352017
4134,0.6189923
4135,0.026321596
4136,0.9877395
4137,0.039884444
4138,0.0388761
4139,0.48832878
4140,0.024444202
4141,0.1462754
4142,0.02537963
4143,0.027241623
4144,0.7470391
4145,0.027739592
4146,0.024813289
4147,0.027437925
4148,0.02524247
4149,0.0573619
4150,0.02501653
4151,0.02473217
4152,0.026651213
4153,0.86870813
4154,0.8755548
4155,0.028526552
4156,0.03261953
4157,0.03925771
4158,0.026566077
4159,0.026072226
4160,0.025352282
4161,0.9792347
4162,0.93224746
4163,0.025106063
4164,0.02508742
4165,0.03627714
4166,0.032060605
4167,0.042275812
4168,0.9558677
4169,0.9346298
4170,0.03524642
4171,0.025072359
4172,0.98163843
4173,0.024070406
4174,0.6798243
4175,0.0281685
4176,0.024928795
4177,0.4131058
4178,0.041702583
4179,0.028045112
4180,0.028822774
4181,0.4519887
4182,0.9879497
4183,0.987951
4184,0.9736717
4185,0.97384757
4186,0.9739015
4187,0.8192696
4188,0.960659
4189,0.026044248
4190,0.028614486
4191,0.025563177
4192,0.026657367
4193,0.024531001
4194,0.027667077
4195,0.02903579
4196,0.024567766
4197,0.024262303
4198,0.030500846
4199,0.96388054
4200,0.051399603
4201,0.059181876
4202,0.8744161
4203,0.97988737
4204,0.98022926
4205,0.44055903
4206,0.84061897
4207,0.028143127
4208,0.024423754
4209,0.02557423
4210,0.024985828
4211,0.028908364
4212,0.025135007
4213,0.68206334
4214,0.036516156
4215,0.40821296
4216,0.942706
4217,0.6993452
4218,0.44507724
4219,0.025363397
4220,0.025689056
4221,0.025729002
4222,0.025958484
4223,0.9853475
4224,0.024043884
4225,0.025606401
4226,0.063527025
4227,0.027569234
4228,0.02402029
4229,0.98795056
4230,0.06755422
4231,0.98612064
4232,0.98795086
4233,0.987951
4234,0.026119636
4235,0.024273247
4236,0.532805
4237,0.4943065
4238,0.028224831
4239,0.025061619
4240,0.032325458
4241,0.980057
4242,0.92403543
4243,0.9858139
4244,0.024193337
4245,0.42103386
4246,0.02501811
4247,0.027519451
4248,0.027716354
4249,0.7251611
4250,0.98385423
4251,0.98508126
4252,0.9539577
4253,0.031964764
4254,0.9816731
4255,0.031735502
4256,0.49713835
4257,0.98669493
4258,0.98795086
4259,0.03883325
4260,0.02701922
4261,0.0347994
4262,0.73346514
4263,0.025351394
4264,0.026094316
4265,0.18800986
4266,0.75752676
4267,0.69258064
4268,0.3527059
4269,0.1874401
4270,0.9700981
4271,0.8269121
4272,0.96728915
4273,0.04779918
4274,0.9662356
4275,0.062346194
4276,0.9689047
4277,0.02921473
4278,0.025131509
4279,0.35027313
4280,0.10726902
4281,0.9596374
4282,0.7394495
4283,0.5053839
4284,0.67437065
4285,0.07891505
4286,0.042815138
4287,0.025606424
4288,0.025350686
4289,0.030380799
4290,0.02816605
4291,0.9879507
4292,0.98793924
4293,0.8836323
4294,0.9879337
4295,0.030688183
4296,0.98547584
4297,0.9606919
4298,0.024593974
4299,0.9876665
4300,0.77582496
4301,0.9625317
4302,0.98794913
4303,0.024197318
4304,0.024665544
4305,0.054591127
4306,0.81519204
4307,0.023646459
4308,0.024500987
4309,0.025892133
4310,0.8531625
4311,0.7711352
4312,0.9358465
4313,0.15137014
4314,0.30807498
4315,0.33324933
4316,0.024682453
4317,0.027522588
4318,0.1883964
4319,0.9046866
4320,0.070553936
4321,0.02401551
4322,0.74158376
4323,0.6026919
4324,0.909655
4325,0.027382452
4326,0.71795565
4327,0.053015485
4328,0.0292116
4329,0.9876672
4330,0.025074577
4331,0.11191947
4332,0.026248742
4333,0.024817696
4334,0.024175135
4335,0.02899773
4336,0.024300495
4337,0.052952833
4338,0.53418446
4339,0.028632643
4340,0.027202252
4341,0.03136593
4342,0.024417723
4343,0.029280914
4344,0.035074852
4345,0.030228619
4346,0.02597985
4347,0.02570927
4348,0.025750766
4349,0.035747536
4350,0.025772138
4351,0.66187704
4352,0.031624004
4353,0.97183496
4354,0.17452273
4355,0.025333652
4356,0.030229423
4357,0.024160989
4358,0.97907853
4359,0.97604877
4360,0.9866992
4361,0.98793286
4362,0.98347133
4363,0.97991586
4364,0.026321238
4365,0.025305282
4366,0.98794633
4367,0.06581167
4368,0.027837297
4369,0.034175564
4370,0.024411611
4371,0.026057938
4372,0.98764104
4373,0.9867122
4374,0.027933808
4375,0.060349673
4376,0.9861957
4377,0.024393845
4378,0.031966086
4379,0.026625393
4380,0.028757293
4381,0.987951
4382,0.9853076
4383,0.9874297
4384,0.9879497
4385,0.024111621
4386,0.026583843
4387,0.9849882
4388,0.7385979
4389,0.024373224
4390,0.027161885
4391,0.036989618
4392,0.046020344
4393,0.027161684
4394,0.024868796
4395,0.038627725
4396,0.028148
4397,0.9606392
4398,0.024376985
4399,0.05245686
4400,0.7978942
4401,0.02667199
4402,0.03012654
4403,0.91497344
4404,0.9653895
4405,0.9771488
4406,0.032035064
4407,0.98795056
4408,0.9755398
4409,0.062911734
4410,0.98168486
4411,0.02881677
4412,0.033781078
4413,0.5071064
4414,0.025821436
4415,0.02554559
4416,0.9780579
4417,0.95724887
4418,0.03174027
4419,0.98400396
4420,0.02464071
4421,0.025848618
4422,0.028591318
4423,0.043912586
4424,0.032433495
4425,0.987951
4426,0.98795086
4427,0.9778153
4428,0.9876917
4429,0.86404514
4430,0.02497004
4431,0.9875479
4432,0.030511642
4433,0.028763246
4434,0.028229296
4435,0.98795074
4436,0.023624644
4437,0.036791824
4438,0.955496
4439,0.98776776
4440,0.0243529
4441,0.030040959
4442,0.026295638
4443,0.9875822
4444,0.98633635
4445,0.04956999
4446,0.032676768
4447,0.987951
4448,0.9706207
4449,0.02748261
4450,0.030531008
4451,0.02450328
4452,0.025539614
4453,0.028487112
4454,0.024303043
4455,0.026024232
4456,0.039604776
4457,0.97076136
4458,0.02921594
4459,0.03029251
4460,0.98751765
